mysql> select reg_no,name,dob from w.student;
+-----------+------------+------------+
| reg_no    | name       | dob        |
+-----------+------------+------------+
|        10 | hari       | 2002-08-07 |
|        11 | durga      | 2002-04-09 |
|        13 | ramya      | 2002-10-07 |
|        17 | venu kumar | 2002-04-07 |
|        19 | uday kiran | 2002-11-14 |
|        21 | jagadish   | 2002-01-09 |
|        23 | bhagya     | 2002-09-10 |
|        27 | sameera    | 2002-03-10 |
| 191711342 | kiran      | 2002-11-14 |
+-----------+------------+------------+
9 rows in set (0.00 sec)

mysql> select *from w.student where gender="f";
+--------+---------+--------+------------+-----------+----------+
| reg_no | name    | gender | dob        | mobile_no | city     |
+--------+---------+--------+------------+-----------+----------+
|     13 | ramya   | f      | 2002-10-07 |    767589 | chittor  |
|     23 | bhagya  | f      | 2002-09-10 |     70999 | tirupati |
|     27 | sameera | f      | 2002-03-10 |     72739 | chirala  |
+--------+---------+--------+------------+-----------+----------+
3 rows in set (0.00 sec)

mysql> select *from w.student where gender="m";
+-----------+------------+--------+------------+-----------+---------+
| reg_no    | name       | gender | dob        | mobile_no | city    |
+-----------+------------+--------+------------+-----------+---------+
|        10 | hari       | m      | 2002-08-07 |     93981 | kadapa  |
|        11 | durga      | m      | 2002-04-09 |    728799 | guntur  |
|        17 | venu kumar | m      | 2002-04-07 |     72739 | guntur  |
|        19 | uday kiran | m      | 2002-11-14 |    773192 | chirala |
|        21 | jagadish   | m      | 2002-01-09 |     76659 | ponnur  |
| 191711342 | kiran      | m      | 2002-11-14 |  77319232 | chirala |
+-----------+------------+--------+------------+-----------+---------+
6 rows in set (0.00 sec)

mysql> select *from w.faculty where date_of_join <"2014-11-01";
+--------+----------+--------+------------+--------------+-----------+---------+
| fac_no | fac_name | gender | dob        | date_of_join | mobile_no | dept_no |
+--------+----------+--------+------------+--------------+-----------+---------+
|   4313 | paul     | m      | 1988-03-07 | 2014-01-14   |     98862 |       9 |
|   4343 | prasad   | m      | 1988-03-05 | 2013-11-14   |     98899 |       7 |
|   4645 | lakshmi  | f      | 1999-07-09 | 2013-12-09   |     96776 |       9 |
+--------+----------+--------+------------+--------------+-----------+---------+
3 rows in set (0.03 sec)
mysql> select *from w.course where course_type="s";
+-----------+--------------+-------------+--------+---------+--------+
| course_no | course_descr | course_type | sem_no | hall_no | fac_no |
+-----------+--------------+-------------+--------+---------+--------+
|         2 | bio          | s           |      2 |    NULL |   4777 |
|        11 | sci          | s           |      2 |    NULL |   4878 |
|        21 | sci          | s           |      2 |    NULL |   4118 |
+-----------+--------------+-------------+--------+---------+--------+
3 rows in set (0.00 sec)
mysql> select *from w.faculty where fac_name like "%ma";
+--------+----------+--------+------------+--------------+-----------+---------+
| fac_no | fac_name | gender | dob        | date_of_join | mobile_no | dept_no |
+--------+----------+--------+------------+--------------+-----------+---------+
|   4118 | padma    | f      | 1992-12-06 | 2013-01-10   |     79996 |       7 |
|   4878 | rama     | m      | 1999-10-06 | 2013-09-09   |     76676 |       7 |
+--------+----------+--------+------------+--------------+-----------+---------+
2 rows in set (0.00 sec)
mysql> select *from w.student where name like "%ma%";
+--------+------------+--------+------------+-----------+--------+
| reg_no | name       | gender | dob        | mobile_no | city   |
+--------+------------+--------+------------+-----------+--------+
|     17 | venu kumar | m      | 2002-04-07 |     72739 | guntur |
+--------+------------+--------+------------+-----------+--------+
1 row in set (0.00 sec)

mysql> select *from w.student where city like "%sal%";
Empty set (0.00 sec)

mysql> select *from w.student where length(name)<6;
+-----------+-------+--------+------------+-----------+---------+
| reg_no    | name  | gender | dob        | mobile_no | city    |
+-----------+-------+--------+------------+-----------+---------+
|        10 | hari  | m      | 2002-08-07 |     93981 | kadapa  |
|        11 | durga | m      | 2002-04-09 |    728799 | guntur  |
|        13 | ramya | f      | 2002-10-07 |    767589 | chittor |
| 191711342 | kiran | m      | 2002-11-14 |  77319232 | chirala |
+-----------+-------+--------+------------+-----------+---------+
4 rows in set (0.00 sec)

mysql> select name from w.student where name like "%th%";
Empty set (0.00 sec)
